service_date,vehicle_id,route_id,direction_id,trip_id,stop_id,stop_sequence,scheduled_arrival_time,scheduled_departure_time,actual_arrival_time,actual_departure_time,stop_type,apc_ons,apc_offs,apc_load,lift,longitude,latitude,shape_dist_traveled
20250806,4221,72,,24345432,115,8,14:24:00,14:24:00,14:26:57,14:26:57,4,0,0,0,,-122.70238666666667,45.55651,34543.96436
20250806,4221,72,1,24345433,115,0,14:24:00,14:24:00,14:26:57,14:26:57,4,0,0,0,,-122.70146833333334,45.556455,0.0
20250806,4221,72,1,24345433,9399,1,14:24:49,14:24:49,14:27:33,14:27:33,4,0,0,0,,-122.69830833333333,45.55603166666667,1427.1654
20250806,4221,72,1,24345433,2195,2,14:26:11,14:26:11,14:28:44,14:28:44,4,0,0,0,,-122.69283333333334,45.556398333333334,3789.3702
20250806,4221,72,1,24345433,2226,3,14:27:18,14:27:18,14:29:30,14:29:30,4,0,0,0,,-122.69486333333333,45.56084,5715.22328
20250806,4221,72,1,24345433,9403,4,14:27:52,14:27:52,14:30:06,14:30:06,4,0,0,0,,-122.69478833333334,45.56278833333333,6715.87948
20250806,4221,72,1,24345433,3160,5,14:28:13,14:28:13,14:30:23,14:30:42,0,1,0,1,,-122.69273166666666,45.56274333333333,7309.71152
20250806,4221,72,1,24345433,3179,6,14:28:36,14:28:36,14:31:03,14:31:03,4,0,0,1,,-122.68979333333333,45.562711666666665,7969.16036
20250806,4221,72,1,24345433,3162,7,14:28:58,14:28:58,14:31:32,14:31:32,4,0,0,1,,-122.68759166666666,45.56269833333333,8599.08164
20250806,4221,72,1,24345433,3158,8,14:29:21,14:29:21,14:31:56,14:31:56,4,0,0,1,,-122.68484,45.562665,9278.21552
20250806,4221,72,1,24345433,,,,,14:32:17,14:32:36,3,0,0,1,,-122.68266666666666,45.562643333333334,
20250806,4221,72,1,24345433,3169,9,14:30:20,14:30:20,14:32:55,14:33:11,0,1,0,2,,-122.68169833333333,45.562621666666665,10134.51476
20250806,4221,72,1,24345433,3173,10,14:31:41,14:31:41,14:34:10,14:34:10,4,0,0,2,,-122.67662833333333,45.56267666666667,11295.93212
20250806,4221,72,1,24345433,,,,,14:34:35,14:34:53,3,0,0,2,,-122.67543833333333,45.56267833333333,
20250806,4221,72,1,24345433,3153,11,14:32:17,14:32:17,14:35:03,14:35:27,0,3,0,5,,-122.67516833333333,45.56267166666667,11814.30484
20250806,4221,72,1,24345433,3171,12,14:32:52,14:32:52,14:35:43,14:36:00,0,2,0,7,,-122.673165,45.562685,12322.83504
20250806,4221,72,1,24345433,3156,13,14:33:24,14:33:24,14:36:18,14:36:18,4,0,0,7,,-122.67076666666667,45.56270333333333,12782.15264
20250806,4221,72,1,24345433,,,,,14:36:39,14:36:59,3,0,0,7,,-122.66892833333333,45.562715,
20250806,4221,72,1,24345433,3183,14,14:34:07,14:34:07,14:37:09,14:37:09,4,0,0,7,,-122.66837333333334,45.562715,13398.95056
20250806,4221,72,1,24345433,,,,,14:37:23,14:38:00,3,0,0,7,,-122.66712833333334,45.56271666666667,
20250806,4221,72,1,24345433,3165,15,14:35:48,14:35:48,14:38:53,14:38:53,4,0,0,7,,-122.66231,45.56273,14862.2052
20250806,4221,72,1,24345433,5927,16,14:36:29,14:36:29,14:39:07,14:40:08,0,2,3,6,,-122.66145833333333,45.56238,15449.47556
20250806,4221,72,1,24345433,46,17,14:38:00,14:38:00,14:40:55,14:41:20,0,1,0,7,,-122.66113,45.55907333333333,16761.81156
20250806,4221,72,1,24345433,11478,18,14:38:36,14:38:36,14:41:39,14:41:39,4,0,0,7,,-122.65835333333334,45.559106666666665,17358.92444
20250806,4221,72,1,24345433,69,19,14:39:08,14:39:08,14:41:55,14:42:14,0,3,0,10,,-122.656755,45.5591,17887.13968
20250806,4221,72,1,24345433,48,20,14:39:38,14:39:38,14:42:30,14:42:30,4,0,0,10,,-122.65466,45.5591,18382.54652
20250806,4221,72,1,24345433,50,21,14:40:09,14:40:09,14:42:48,14:42:48,4,0,0,10,,-122.652185,45.55909666666667,18894.35756
20250806,4221,72,1,24345433,52,22,14:40:54,14:40:54,14:43:27,14:43:52,0,0,2,8,,-122.64989333333334,45.559086666666666,19629.26572
20250806,4221,72,1,24345433,54,23,14:41:40,14:41:40,14:44:19,14:44:19,4,0,0,8,,-122.64634833333334,45.559085,20393.70144
20250806,4221,72,1,24345433,11471,24,14:42:25,14:42:25,14:44:51,14:44:51,4,0,0,8,,-122.64340333333334,45.55907666666667,21141.73296
20250806,4221,72,1,24345433,60,25,14:43:11,14:43:11,14:45:18,14:45:18,4,0,0,8,,-122.64069166666667,45.55905833333333,21896.32616
20250806,4221,72,1,24345433,63,26,14:43:58,14:43:58,14:45:38,14:45:38,4,0,0,8,,-122.638195,45.55905333333333,22677.16608
20250806,4221,72,1,24345433,11722,27,14:44:45,14:44:45,14:46:19,14:46:19,4,0,0,8,,-122.63477166666667,45.559216666666664,23454.725159999998
20250806,4221,72,1,24345433,7327,28,14:45:39,14:45:39,14:46:57,14:46:57,4,0,0,8,,-122.634885,45.561611666666664,24343.8328
20250806,4221,72,1,24345433,7329,29,14:46:06,14:46:06,14:47:22,14:47:22,4,0,0,8,,-122.63479833333334,45.562738333333336,24783.46536
20250806,4221,72,1,24345433,3191,30,14:47:19,14:47:19,14:47:55,14:48:51,0,0,1,7,,-122.63086833333334,45.56270166666667,25990.81448
20250806,4221,72,1,24345433,3193,31,14:47:43,14:47:43,14:49:05,14:49:05,4,0,0,7,,-122.62917833333333,45.562718333333336,26387.79612
20250806,4221,72,1,24345433,3195,32,14:48:08,14:48:08,14:49:18,14:49:18,4,0,0,7,,-122.62749,45.56273,26912.73052
20250806,4221,72,1,24345433,3198,33,14:48:48,14:48:48,14:49:39,14:49:39,4,0,0,7,,-122.62423333333334,45.562758333333335,27726.37884
20250806,4221,72,1,24345433,3199,34,14:49:33,14:49:33,14:50:05,14:50:47,0,0,3,4,,-122.62066333333334,45.562776666666664,28651.57572
20250806,4221,72,1,24345433,3144,35,14:50:24,14:50:24,14:51:19,14:51:31,0,1,0,5,,-122.61596166666666,45.562713333333335,29694.88284
20250806,4221,72,1,24345433,3204,36,14:51:47,14:51:47,14:52:15,14:52:15,4,0,0,5,,-122.60977166666666,45.56272333333333,31400.91964
20250806,4221,72,1,24345433,14181,37,14:52:50,14:52:50,14:52:44,14:52:44,4,0,0,5,,-122.60428,45.56272166666667,32703.41312
20250806,4221,72,1,24345433,3146,38,14:53:30,14:53:30,14:53:05,14:54:01,0,1,1,5,,-122.60101,45.56270166666667,33517.06144
20250806,4221,72,1,24345433,3148,39,14:54:16,14:54:16,14:54:27,14:54:27,4,0,0,5,,-122.59728833333334,45.56270833333333,34478.34756
20250806,4221,72,1,24345433,10600,40,14:55:00,14:55:00,14:54:52,14:55:19,0,7,0,12,,-122.593905,45.562648333333335,35374.01688
20250806,4221,72,1,24345433,3211,41,14:56:25,14:56:25,14:56:20,14:56:20,4,0,0,12,,-122.58762666666667,45.56259166666667,36840.55236
20250806,4221,72,1,24345433,3186,42,14:57:42,14:57:42,14:56:54,14:56:54,4,0,0,12,,-122.58284833333333,45.562598333333334,38185.69676
20250806,4221,72,1,24345433,3185,43,14:58:32,14:58:32,14:57:14,15:00:50,0,1,1,12,,-122.579605,45.562565,39048.55768
20250806,4221,72,1,24345433,8889,44,14:59:41,14:59:41,15:01:31,15:01:31,4,0,0,12,,-122.57862666666666,45.55954833333333,40252.62596
20250806,4221,72,1,24345433,8064,45,15:00:14,15:00:14,15:01:48,15:02:03,0,0,1,11,,-122.578665,45.558324999999996,40823.49212
20250806,4221,72,1,24345433,8025,46,15:01:25,15:01:25,15:02:57,15:03:15,0,2,0,13,,-122.57872,45.55497833333333,42050.52628
20250806,4221,72,1,24345433,8038,47,15:02:12,15:02:12,15:03:38,15:04:57,0,3,0,16,,-122.57876666666667,45.55268,42864.1746
20250806,4221,72,1,24345433,7934,48,15:03:15,15:03:15,15:05:29,15:05:46,0,1,0,17,,-122.57882666666667,45.54976666666666,43946.8518
20250806,4221,72,1,24345433,7966,49,15:03:43,15:03:43,15:06:00,15:06:16,0,1,1,17,,-122.57885166666667,45.548386666666666,44438.9778
20250806,4221,72,1,24345433,7992,50,15:04:24,15:04:24,15:06:35,15:06:35,4,0,0,17,,-122.57888,45.546553333333335,45154.20092
20250806,4221,72,1,24345433,,,,,15:06:55,15:07:18,3,0,0,17,,-122.57892,45.54472333333333,
20250806,4221,72,1,24345433,8045,51,15:05:01,15:05:01,15:07:29,15:07:29,4,0,0,17,,-122.57892333333334,45.54450333333333,45787.40304
20250806,4221,72,1,24345433,8002,52,15:05:51,15:05:51,15:07:47,15:07:47,4,0,0,17,,-122.57896166666667,45.542271666666664,46663.38732
20250806,4221,72,1,24345433,8035,53,15:07:04,15:07:04,15:08:21,15:08:21,4,0,0,17,,-122.57902166666666,45.53874833333333,47923.22988
20250806,4221,72,1,24345433,8056,54,15:07:34,15:07:34,15:08:38,15:09:18,0,2,0,19,,-122.57906,45.53742,48448.16428
20250806,4221,72,1,24345433,8043,55,15:08:06,15:08:06,15:09:37,15:09:37,4,0,0,19,,-122.57908833333333,45.535943333333336,49002.62624
20250806,4221,72,1,24345433,,,,,15:10:05,15:10:20,3,0,0,19,,-122.57912,45.534195,
20250806,4221,72,1,24345433,8000,56,15:09:00,15:11:00,15:10:39,15:11:45,0,2,0,21,,-122.579135,45.53337,49937.66564
20250806,4221,72,1,24345433,7978,57,15:11:51,15:11:51,15:12:15,15:12:32,0,1,2,20,,-122.57913833333333,45.530998333333336,50787.4032
20250806,4221,72,1,24345433,7932,58,15:12:34,15:12:34,15:12:50,15:12:50,4,0,0,20,,-122.57914333333333,45.52892666666666,51502.62632
20250806,4221,72,1,24345433,7973,59,15:13:28,15:13:28,15:13:13,15:13:59,0,0,1,19,,-122.57914833333334,45.526808333333335,52408.13816
20250806,4221,72,1,24345433,7956,60,15:14:08,15:14:08,15:14:20,15:14:33,0,0,1,18,,-122.57915,45.524735,53074.14868
20250806,4221,72,1,24345433,7937,61,15:14:47,15:14:47,15:14:54,15:15:45,0,0,2,16,,-122.57915166666666,45.52292166666667,53733.59752
20250806,4221,72,1,24345433,7931,62,15:15:32,15:15:32,15:16:09,15:16:26,0,0,1,15,,-122.57916166666666,45.52086166666667,54478.3482
20250806,4221,72,1,24345433,8048,63,15:16:07,15:16:07,15:16:46,15:17:39,0,2,2,15,,-122.57917,45.51931166666667,55055.77604
20250806,4221,72,1,24345433,7929,64,15:16:40,15:16:40,15:17:55,15:17:55,4,0,0,15,,-122.579075,45.517555,55603.67632
20250806,4221,72,1,24345433,8066,65,15:17:20,15:17:20,15:18:16,15:18:16,4,0,0,15,,-122.57897166666666,45.51569166666667,56279.52936
20250806,4221,72,1,24345433,8004,66,15:18:10,15:18:10,15:18:38,15:18:38,4,0,0,15,,-122.57885333333333,45.51358,57106.30104
20250806,4221,72,1,24345433,7980,67,15:18:36,15:18:36,15:18:50,15:18:50,4,0,0,15,,-122.57877166666667,45.5121,57552.49528
20250806,4221,72,1,24345433,8008,68,15:19:34,15:19:34,15:19:12,15:19:12,4,1,1,15,,-122.57876,45.50968666666667,58517.06224
20250806,4221,72,1,24345433,,,,,15:19:33,15:19:55,2,0,0,15,,-122.57877333333333,45.50794333333333,
20250806,4221,72,1,24345433,7923,69,15:20:32,15:20:32,15:20:34,15:20:34,4,0,0,15,,-122.57864000000001,45.50684833333333,59478.348359999996
20250806,4221,72,1,24345433,7958,70,15:21:18,15:21:18,15:21:09,15:21:09,4,0,0,15,,-122.578645,45.504828333333336,60242.78408
20250806,4221,72,1,24345433,7948,71,15:22:00,15:22:00,15:21:32,15:21:32,4,0,0,15,,-122.57872,45.50283833333334,60944.88384
20250806,4221,72,1,24345433,8062,72,15:23:39,15:23:39,15:21:55,15:21:55,4,0,0,15,,-122.5788,45.500681666666665,61669.94948
20250806,4221,72,1,24345433,8053,73,15:24:28,15:24:28,15:22:11,15:22:11,4,0,0,15,,-122.57876666666667,45.49973166666667,62030.84188
20250806,4221,72,1,24345433,,,,,15:22:41,15:23:25,2,0,0,15,,-122.57882166666667,45.49787166666667,
20250806,4221,72,1,24345433,8024,74,15:27:00,15:27:00,15:23:46,15:27:24,0,2,7,10,,-122.57887166666667,45.49713,63149.60832
20250806,4221,72,1,24345433,13707,75,15:28:37,15:28:37,15:27:59,15:28:15,0,1,0,11,,-122.57888166666666,45.4937,64458.66348
20250806,4221,72,1,24345433,8237,76,15:29:14,15:29:14,15:28:36,15:28:45,0,1,0,12,,-122.57890666666667,45.492203333333336,64957.35116
20250806,4221,72,1,24345433,7986,77,15:30:00,15:30:00,15:29:09,15:30:08,0,2,3,11,,-122.57897666666666,45.490525,65577.42992
20250806,4221,72,1,24345433,8041,78,15:30:53,15:30:53,15:30:32,15:30:32,4,0,0,11,,-122.578955,45.48826833333333,66450.13335999999
20250806,4221,72,1,24345433,8030,79,15:31:24,15:31:24,15:30:47,15:30:47,4,0,0,11,,-122.57898166666666,45.48668833333333,66961.9444
20250806,4221,72,1,24345433,8009,80,15:32:03,15:32:03,15:31:03,15:31:03,4,0,0,11,,-122.579015,45.485063333333336,67604.98904
20250806,4221,72,1,24345433,7965,81,15:32:32,15:32:32,15:31:20,15:31:34,0,0,2,9,,-122.57907333333333,45.483653333333336,68077.43
20250806,4221,72,1,24345433,8028,82,15:33:29,15:33:29,15:32:05,15:32:05,4,0,0,9,,-122.57909166666667,45.48085833333333,69012.4694
20250806,4221,72,1,24345433,8060,83,15:34:01,15:34:01,15:32:22,15:32:22,4,0,0,9,,-122.57911333333334,45.47961333333333,69534.12296
20250806,4221,72,1,24345433,8058,84,15:34:41,15:34:41,15:32:38,15:32:38,4,0,0,9,,-122.579145,45.47796,70187.01012
20250806,4221,72,1,24345433,7961,85,15:35:30,15:35:30,15:33:02,15:36:00,0,2,2,9,,-122.57924333333334,45.475656666666666,70994.09676
20250806,4221,72,1,24345433,7950,86,15:36:12,15:36:12,15:36:20,15:36:37,0,0,0,9,,-122.57918166666667,45.473825,71686.354
20250806,4221,72,1,24345433,8013,87,15:37:17,15:37:17,15:37:03,15:37:15,0,0,1,8,,-122.579165,45.47110833333333,72755.90784
20250806,4221,72,1,24345433,7963,88,15:38:00,15:38:00,15:37:40,15:37:54,0,1,0,9,,-122.57915833333334,45.46888333333333,73458.0076
20250806,4221,72,1,24345433,7994,89,15:38:40,15:38:40,15:38:11,15:38:11,4,0,0,9,,-122.579125,45.46707,74130.57979999999
20250806,4221,72,1,24345433,7954,90,15:39:43,15:39:43,15:38:39,15:39:43,0,3,2,10,,-122.57915666666666,45.464185,75167.32524
20250806,4221,72,1,24345433,7945,91,15:40:38,15:40:38,15:40:14,15:40:14,4,0,0,10,,-122.57915,45.461666666666666,76095.80296
20250806,4221,72,1,24345433,,,,,15:40:40,15:40:57,2,0,0,10,,-122.57918666666667,45.45910166666667,
20250806,4221,72,1,24345433,7996,92,15:41:47,15:41:47,15:41:13,15:41:37,0,4,2,12,,-122.57919833333334,45.45851,77247.3778
20250806,4221,72,1,24345433,7988,93,15:42:33,15:42:33,15:41:56,15:41:56,4,0,0,12,,-122.579225,45.456365,78011.81352
20250806,4221,72,1,24345433,8018,94,15:43:17,15:43:17,15:42:13,15:42:13,4,0,0,12,,-122.57923833333334,45.45447,78746.72168
20250806,4221,72,1,24345433,8016,95,15:44:33,15:44:33,15:43:02,15:43:24,0,0,2,10,,-122.5792,45.45094,80013.12592
20250806,4221,72,1,24345433,,,,,15:44:06,15:45:18,3,0,0,10,,-122.579015,45.447163333333336,
20250806,4221,72,1,24345433,7990,96,15:46:08,15:46:08,15:45:31,15:45:49,0,0,3,7,,-122.57905166666667,45.44668,81594.4908
20250806,4221,72,1,24345433,7921,97,15:46:59,15:46:59,15:46:24,15:46:39,0,0,1,6,,-122.57903833333333,45.444143333333336,82457.35172
20250806,4221,72,1,24345433,7942,98,15:47:58,15:47:58,15:47:04,15:47:04,4,0,0,6,,-122.57897833333334,45.441135,83428.48036
20250806,4221,72,1,24345433,,,,,15:47:31,15:48:58,3,0,0,6,,-122.57897333333334,45.438805,
20250806,4221,72,1,24345433,12921,99,15:51:00,15:51:00,15:50:29,15:51:22,0,0,2,4,,-122.57357666666667,45.43734166666667,86469.81904
20250806,4221,72,1,24345433,13247,100,15:53:47,15:53:47,15:53:05,15:53:49,0,0,3,1,,-122.56824666666667,45.435565,88336.617
20250806,4221,72,1,24345433,13248,101,15:55:00,15:55:00,15:54:00,15:54:00,0,0,1,0,,-122.568228,45.43592,89150.26532
20250806,4221,72,0,24345434,13248,0,16:23:00,16:23:00,16:23:58,16:23:58,0,2,0,2,,-122.56857666666667,45.435725,0.0
20250806,4221,72,0,24345434,12922,1,16:26:00,16:26:00,16:25:53,16:26:47,0,6,0,8,,-122.57373833333334,45.437466666666666,1984.9082
20250806,4221,72,0,24345434,,,,,16:27:19,16:27:55,3,0,0,8,,-122.57564333333333,45.43806,
20250806,4221,72,0,24345434,,,,,16:28:24,16:29:20,3,0,0,8,,-122.577605,45.43832666666667,
20250806,4221,72,0,24345434,7941,2,16:28:42,16:28:42,16:30:10,16:30:30,0,1,1,8,,-122.57879333333334,45.441001666666665,4662.07364
20250806,4221,72,0,24345434,7920,3,16:29:40,16:29:40,16:30:56,16:31:27,0,2,1,9,,-122.578775,45.443601666666666,5610.2364
20250806,4221,72,0,24345434,7918,4,16:31:03,16:31:03,16:32:08,16:32:24,0,1,1,9,,-122.57880166666666,45.447318333333335,6978.34668
20250806,4221,72,0,24345434,14028,5,16:32:08,16:32:08,16:32:58,16:33:19,0,1,1,9,,-122.57894,45.45035166666667,8057.74304
20250806,4221,72,0,24345434,,,,,16:34:13,16:34:34,3,0,0,9,,-122.57901166666667,45.454123333333335,
20250806,4221,72,0,24345434,8017,6,16:33:43,16:33:43,16:34:47,16:35:09,0,0,2,7,,-122.57900166666667,45.454571666666666,9616.14204
20250806,4221,72,0,24345434,7995,7,16:35:14,16:35:14,16:35:49,16:35:49,4,0,0,7,,-122.57900166666667,45.45887,11128.60928
20250806,4221,72,0,24345434,7946,8,16:36:10,16:36:10,16:36:13,16:36:13,4,0,0,7,,-122.57897166666666,45.46170166666667,12053.80616
20250806,4221,72,0,24345434,7953,9,16:37:27,16:37:27,16:37:06,16:37:06,4,0,0,7,,-122.57896833333334,45.46519833333333,13313.64872
20250806,4221,72,0,24345434,7993,10,16:38:17,16:38:17,16:37:27,16:37:57,0,0,1,6,,-122.57896666666667,45.46704,14143.70124
20250806,4221,72,0,24345434,7962,11,16:39:00,16:39:00,16:38:21,16:38:59,0,0,0,6,,-122.578975,45.46898,14852.36268
20250806,4221,72,0,24345434,7982,12,16:40:07,16:40:07,16:39:28,16:39:53,0,5,0,11,,-122.57898333333333,45.47120666666667,15666.011
20250806,4221,72,0,24345434,7970,13,16:41:29,16:41:29,16:40:23,16:40:23,4,0,0,11,,-122.57899333333333,45.47373833333333,16643.70132
20250806,4221,72,0,24345434,7960,14,16:42:24,16:42:24,16:40:44,16:40:44,4,0,0,11,,-122.57900166666667,45.475611666666666,17316.27352
20250806,4221,72,0,24345434,8057,15,16:43:19,16:43:19,16:41:03,16:41:03,4,0,0,11,,-122.57897166666666,45.47749833333334,17975.72236
20250806,4221,72,0,24345434,,,,,16:41:30,16:41:49,3,0,0,11,,-122.578945,45.479126666666666,
20250806,4221,72,0,24345434,8059,16,16:44:12,16:44:12,16:41:59,16:41:59,4,0,0,11,,-122.57894333333333,45.479225,18612.20532
20250806,4221,72,0,24345434,8027,17,16:45:04,16:45:04,16:42:20,16:42:20,4,0,0,11,,-122.57891,45.481188333333336,19242.1266
20250806,4221,72,0,24345434,,,,,16:42:44,16:43:19,3,0,0,11,,-122.57888666666666,45.482371666666666,
20250806,4221,72,0,24345434,7964,18,16:46:13,16:46:13,16:43:41,16:45:40,0,2,1,12,,-122.57887166666667,45.48325166666667,20075.45996
20250806,4221,72,0,24345434,8029,19,16:47:27,16:47:27,16:46:14,16:46:31,0,1,0,13,,-122.57882833333333,45.485715,20967.84844
20250806,4221,72,0,24345434,8040,20,16:48:42,16:48:42,16:47:04,16:47:04,4,0,0,13,,-122.57875833333334,45.48849166666667,21873.36028
20250806,4221,72,0,24345434,7984,21,16:50:00,16:50:00,16:47:45,16:50:04,0,0,1,12,,-122.57870666666666,45.49077166666667,22811.680519999998
20250806,4221,72,0,24345434,7935,22,16:50:42,16:50:42,16:50:24,16:50:24,4,0,0,12,,-122.57870833333334,45.49234333333333,23408.7934
20250806,4221,72,0,24345434,7943,23,16:51:21,16:51:21,16:50:42,16:50:42,4,0,0,12,,-122.57869,45.494175,23976.37872
20250806,4221,72,0,24345434,8031,24,16:51:56,16:51:56,16:50:57,16:50:57,4,0,1,11,,-122.57867666666667,45.49556333333334,24475.0664
20250806,4221,72,0,24345434,,,,,16:51:15,16:52:39,2,0,0,11,,-122.57866166666666,45.49668833333333,
20250806,4221,72,0,24345434,8023,25,16:53:00,16:53:00,16:53:09,16:53:32,0,1,6,6,,-122.57862166666666,45.49780333333333,25383.85908
20250806,4221,72,0,24345434,,,,,16:54:07,16:54:23,3,0,0,6,,-122.57864333333333,45.499761666666664,
20250806,4221,72,0,24345434,8052,26,16:53:24,16:53:24,16:54:52,16:54:52,4,0,0,6,,-122.57864166666667,45.50029333333333,26161.41816
20250806,4221,72,0,24345434,,,,,16:55:02,16:57:05,3,0,0,6,,-122.57864000000001,45.50066,
20250806,4221,72,0,24345434,,,,,16:57:16,16:58:06,2,0,0,6,,-122.57864166666667,45.500865,
20250806,4221,72,0,24345434,8061,27,16:53:39,16:53:39,16:58:34,16:59:34,0,1,0,7,,-122.57868166666667,45.501203333333336,26656.825
20250806,4221,72,0,24345434,,,,,17:00:08,17:00:18,3,0,0,7,,-122.57862166666666,45.50320333333333,
20250806,4221,72,0,24345434,7947,28,16:54:00,16:54:00,17:00:24,17:00:24,4,0,0,7,,-122.57862166666666,45.50324333333333,27326.11636
20250806,4221,72,0,24345434,,,,,17:00:45,17:01:32,3,0,0,7,,-122.57862166666666,45.503955,
20250806,4221,72,0,24345434,7957,29,16:54:46,16:54:46,17:01:57,17:02:18,0,5,0,12,,-122.57862333333334,45.50509666666667,28047.90116
20250806,4221,72,0,24345434,12755,30,16:55:58,16:55:58,17:03:13,17:03:13,4,0,0,12,,-122.57862666666666,45.508201666666665,29156.82508
20250806,4221,72,0,24345434,8007,31,16:56:51,16:56:51,17:03:35,17:03:35,4,0,0,12,,-122.57862833333333,45.510335,29986.8776
20250806,4221,72,0,24345434,7979,32,16:57:26,16:57:26,17:03:48,17:03:48,4,0,0,12,,-122.57862333333334,45.51188666666667,30518.37368
20250806,4221,72,0,24345434,8037,33,16:58:16,16:58:16,17:04:06,17:04:06,4,0,0,12,,-122.57872666666667,45.51372166666667,31295.93276
20250806,4221,72,0,24345434,8065,34,16:59:02,16:59:02,17:04:28,17:04:28,4,0,0,12,,-122.57885166666667,45.516153333333335,32017.71756
20250806,4221,72,0,24345434,7928,35,16:59:55,16:59:55,17:04:51,17:04:51,4,0,0,12,,-122.57900166666667,45.51824166666667,32844.48924
20250806,4221,72,0,24345434,8047,36,17:00:24,17:00:24,17:05:03,17:05:15,0,1,0,13,,-122.57901166666667,45.51947333333333,33287.40264
20250806,4221,72,0,24345434,7930,37,17:00:59,17:00:59,17:05:32,17:05:50,0,0,2,11,,-122.579005,45.52090333333334,33835.30292
20250806,4221,72,0,24345434,7936,38,17:01:39,17:01:39,17:06:14,17:07:49,0,2,3,10,1,-122.579005,45.52265333333333,34452.10084
20250806,4221,72,0,24345434,7955,39,17:02:21,17:02:21,17:08:07,17:08:07,4,0,0,10,,-122.57900333333333,45.524388333333334,35114.83052
20250806,4221,72,0,24345434,,,,,17:08:26,17:10:42,3,0,0,10,,-122.579,45.52556166666667,
20250806,4221,72,0,24345434,7972,40,17:03:13,17:03:13,17:11:00,17:11:00,4,0,0,10,,-122.578995,45.526871666666665,35912.07464
20250806,4221,72,0,24345434,8014,41,17:03:51,17:03:51,17:11:18,17:11:31,0,1,0,11,,-122.57899333333333,45.52827833333333,36509.18752
20250806,4221,72,0,24345434,7987,42,17:04:27,17:04:27,17:11:45,17:11:45,4,0,0,11,,-122.57899,45.52995,37066.93032
20250806,4221,72,0,24345434,8010,43,17:05:08,17:05:08,17:11:59,17:11:59,4,0,0,11,,-122.57898166666666,45.53192166666667,37709.97496
20250806,4221,72,0,24345434,7999,44,17:06:00,17:08:00,17:12:18,17:12:37,0,1,1,11,,-122.57895833333333,45.53371833333333,38510.49992
20250806,4221,72,0,24345434,8042,45,17:08:46,17:08:46,17:12:55,17:12:55,4,0,0,11,,-122.57893166666666,45.536233333333335,39304.4632
20250806,4221,72,0,24345434,,,,,17:13:08,17:13:37,3,0,0,11,,-122.57891333333333,45.53711166666667,
20250806,4221,72,0,24345434,8055,46,17:09:10,17:09:10,17:13:47,17:13:47,4,0,0,11,,-122.57891,45.537308333333335,39724.41072
20250806,4221,72,0,24345434,8036,47,17:09:57,17:09:57,17:14:07,17:14:07,4,0,0,11,,-122.57890833333333,45.53933,40534.7782
20250806,4221,72,0,24345434,8001,48,17:11:12,17:11:12,17:14:34,17:14:34,4,0,0,11,,-122.57878666666667,45.54336833333333,41820.86748
20250806,4221,72,0,24345434,8046,49,17:11:57,17:11:57,17:15:09,17:15:23,0,1,0,12,,-122.578745,45.544988333333336,42598.42656
20250806,4221,72,0,24345434,7991,50,17:12:24,17:12:24,17:15:37,17:15:37,4,0,0,12,,-122.57873,45.546385,43061.025
20250806,4221,72,0,24345434,7967,51,17:12:58,17:12:58,17:16:00,17:17:08,0,0,2,10,,-122.57868833333333,45.54794833333333,43658.13788
20250806,4221,72,0,24345434,7933,52,17:13:32,17:13:32,17:17:23,17:17:23,4,0,0,10,,-122.57866666666666,45.549325,44238.84656
20250806,4221,72,0,24345434,8039,53,17:14:49,17:14:49,17:18:20,17:19:05,0,4,2,12,1,-122.5786,45.55304833333334,45564.30592
20250806,4221,72,0,24345434,8026,54,17:15:36,17:15:36,17:19:26,17:19:41,0,1,0,13,,-122.578545,45.555285,46377.95424
20250806,4221,72,0,24345434,8063,55,17:16:28,17:16:28,17:20:05,17:20:19,0,1,0,14,,-122.57850333333333,45.55781833333333,47290.02776
20250806,4221,72,0,24345434,7927,56,17:16:56,17:16:56,17:20:29,17:20:29,4,0,0,14,,-122.578505,45.559205,47769.0304
20250806,4221,72,0,24345434,,,,,17:20:58,17:21:29,3,0,0,14,,-122.5785,45.562215,
20250806,4221,72,0,24345434,3216,57,17:18:19,17:18:19,17:21:49,17:21:58,0,1,0,15,,-122.57894833333333,45.562796666666664,49192.91496
20250806,4221,72,0,24345434,3215,58,17:19:57,17:19:57,17:22:33,17:22:33,4,0,0,15,,-122.58593833333333,45.56272833333333,50892.39008
20250806,4221,72,0,24345434,3212,59,17:20:35,17:20:35,17:22:50,17:23:45,0,0,1,14,,-122.58824166666666,45.56275,51555.11976
20250806,4221,72,0,24345434,10601,60,17:22:00,17:22:00,17:24:36,17:24:36,4,0,0,14,,-122.59390166666667,45.562765,53015.09356
20250806,4221,72,0,24345434,3147,61,17:22:27,17:22:27,17:24:57,17:25:12,0,0,2,12,,-122.59698833333333,45.562815,53832.02272
20250806,4221,72,0,24345434,3210,62,17:22:58,17:22:58,17:25:38,17:25:51,0,0,1,11,,-122.60064666666666,45.56281333333333,54757.2196
20250806,4221,72,0,24345434,3209,63,17:23:32,17:23:32,17:26:21,17:26:37,0,0,1,10,,-122.60464333333333,45.56281666666667,55787.40336
20250806,4221,72,0,24345434,3205,64,17:24:13,17:24:13,17:27:04,17:27:04,4,0,0,10,,-122.60948666666667,45.56278833333333,57007.87584
20250806,4221,72,0,24345434,3201,65,17:25:04,17:25:04,17:27:35,17:27:35,4,0,0,10,,-122.61555333333334,45.562821666666665,58543.30896
20250806,4221,72,0,24345434,3200,66,17:25:44,17:25:44,17:27:59,17:28:21,0,0,1,9,,-122.62004,45.56288,59763.78144
20250806,4221,72,0,24345434,3197,67,17:26:11,17:26:11,17:28:43,17:28:43,4,0,0,9,,-122.62356166666666,45.562803333333335,60567.58724
20250806,4221,72,0,24345434,3196,68,17:26:38,17:26:38,17:29:06,17:29:06,4,0,0,9,,-122.62650666666667,45.562776666666664,61374.67388
20250806,4221,72,0,24345434,3194,69,17:26:55,17:26:55,17:29:20,17:29:20,4,0,0,9,,-122.62866333333334,45.56276,61889.76576
20250806,4221,72,0,24345434,,,,,17:29:36,17:29:57,2,0,0,9,,-122.630285,45.562758333333335,
20250806,4221,72,0,24345434,3192,70,17:27:40,17:27:40,17:30:12,17:30:24,0,1,0,10,,-122.63113333333334,45.562758333333335,62562.33796
20250806,4221,72,0,24345434,3189,71,17:28:25,17:28:25,17:30:48,17:31:27,0,0,1,9,,-122.63376666666667,45.562735,63234.91016
20250806,4221,72,0,24345434,7328,72,17:29:13,17:29:13,17:31:55,17:31:55,4,0,0,9,,-122.634935,45.56160166666667,63950.13328
20250806,4221,72,0,24345434,14654,73,17:30:21,17:30:21,17:32:49,17:32:49,4,0,0,9,,-122.63552333333334,45.559023333333336,64967.19368
20250806,4221,72,0,24345434,64,74,17:31:04,17:31:04,17:33:10,17:33:26,0,1,0,10,,-122.637715,45.55905666666666,65623.36168
20250806,4221,72,0,24345434,61,75,17:31:56,17:31:56,17:33:55,17:34:11,0,1,0,11,,-122.64077166666667,45.559081666666664,66397.63992
20250806,4221,72,0,24345434,11472,76,17:32:46,17:32:46,17:34:37,17:34:37,4,0,0,11,,-122.64426666666667,45.559088333333335,67152.23312
20250806,4221,72,0,24345434,55,77,17:33:37,17:33:37,17:35:01,17:35:01,4,0,0,11,,-122.64751,45.55910333333333,67903.54548
20250806,4221,72,0,24345434,53,78,17:34:25,17:34:25,17:35:27,17:35:27,4,0,0,11,,-122.65031666666667,45.55912,68631.89196
20250806,4221,72,0,24345434,51,79,17:35:17,17:35:17,17:35:51,17:35:51,4,0,0,11,,-122.65276833333333,45.55912166666667,69402.88936
20250806,4221,72,0,24345434,49,80,17:35:50,17:35:50,17:36:06,17:36:06,4,0,0,11,,-122.65470166666667,45.559126666666664,69901.57704
20250806,4221,72,0,24345434,70,81,17:36:24,17:36:24,17:36:19,17:36:36,0,0,3,8,,-122.65642666666666,45.55913666666667,70406.8264
20250806,4221,72,0,24345434,,,,,17:36:58,17:37:10,3,0,0,8,,-122.65824333333333,45.55914166666667,
20250806,4221,72,0,24345434,10184,82,17:36:57,17:36:57,17:37:17,17:37:17,4,0,0,8,,-122.65852833333334,45.559145,70902.23324
20250806,4221,72,0,24345434,5890,83,17:38:00,17:38:00,17:37:55,17:38:14,0,0,4,4,,-122.66147333333333,45.55957,71850.396
20250806,4221,72,0,24345434,,,,,17:38:54,17:39:38,2,0,0,4,,-122.66146,45.562601666666666,
20250806,4221,72,0,24345434,10957,84,17:39:43,17:39:43,17:40:03,17:40:16,0,1,0,5,,-122.66242666666666,45.56280833333334,73300.52728
20250806,4221,72,0,24345434,,,,,17:40:51,17:41:10,3,0,0,5,,-122.66674666666667,45.56275333333333,
20250806,4221,72,0,24345434,3184,85,17:41:30,17:41:30,17:41:31,17:41:47,0,0,2,3,,-122.66832166666667,45.56277166666667,74806.43284
20250806,4221,72,0,24345434,3157,86,17:42:29,17:42:29,17:42:14,17:42:34,0,1,1,3,,-122.67150833333334,45.562736666666666,75626.64284
20250806,4221,72,0,24345434,3154,87,17:43:28,17:43:28,17:43:01,17:43:20,0,1,2,2,,-122.67479,45.56272,76456.69536
20250806,4221,72,0,24345434,3174,88,17:44:04,17:44:04,17:43:38,17:43:38,4,0,0,2,,-122.676945,45.562706666666664,76968.5064
20250806,4221,72,0,24345434,3170,89,17:45:38,17:45:38,17:44:11,17:46:00,0,1,2,1,,-122.68194833333334,45.56271,78287.40408
20250806,4221,72,0,24345434,3159,90,17:46:18,17:46:18,17:46:24,17:46:24,4,0,0,1,,-122.68465166666667,45.562713333333335,78982.94216
20250806,4221,72,0,24345434,3163,91,17:46:56,17:46:56,17:46:56,17:46:56,4,0,0,1,,-122.68739333333333,45.56272833333333,79658.7952
20250806,4221,72,0,24345434,3180,92,17:47:37,17:47:37,17:47:21,17:47:31,0,0,1,0,,-122.690165,45.562775,80367.45664
20250806,4221,72,0,24345434,3161,93,17:48:11,17:48:11,17:47:50,17:47:50,4,0,0,0,,-122.69225,45.562775,80967.85036
20250806,4221,72,0,24345434,3167,94,17:49:10,17:49:10,17:48:44,17:48:44,4,0,0,0,,-122.69572666666667,45.56214,81991.47244
20250806,4221,72,0,24345434,2227,95,17:49:59,17:49:59,17:49:04,17:49:04,4,0,0,0,,-122.69458,45.55994,82854.33336
20250806,4221,72,0,24345434,,,,,17:49:36,17:50:36,3,0,0,0,,-122.69309666666666,45.556491666666666,
20250806,4221,72,0,24345434,2161,96,17:54:10,17:54:10,17:51:50,17:51:50,4,0,0,0,,-122.69859333333333,45.55627333333333,87257.22064
20250806,4221,72,0,24345434,,,,,17:52:17,17:52:36,3,0,0,0,,-122.70284666666667,45.55773333333333,
20250806,4221,72,0,24345434,1041,97,17:58:00,17:58:00,17:54:03,17:54:03,0,0,0,0,,-122.704225,45.556725,91279.53048
20250806,4221,72,1,24345435,1041,0,18:27:00,18:27:00,18:28:35,18:28:35,0,0,0,0,,-122.70406666666666,45.556711666666665,0.0
20250806,4221,72,1,24345435,,,,,18:29:11,18:29:37,3,0,0,0,,-122.698545,45.55604833333334,
20250806,4221,72,1,24345435,9399,1,18:27:46,18:27:46,18:29:49,18:29:49,4,0,0,0,,-122.69795,45.555978333333336,1443.5696
20250806,4221,72,1,24345435,,,,,18:30:40,18:31:15,3,0,0,0,,-122.69199166666667,45.55534333333333,
20250806,4221,72,1,24345435,2195,2,18:29:02,18:29:02,18:31:32,18:31:32,4,0,0,0,,-122.69278,45.55629666666667,3805.7744
20250806,4221,72,1,24345435,2226,3,18:30:04,18:30:04,18:32:16,18:32:30,0,1,0,1,,-122.69465666666666,45.56054,5731.62748
20250806,4221,72,1,24345435,9403,4,18:30:36,18:30:36,18:33:07,18:33:07,4,0,0,1,,-122.69468833333333,45.562805,6732.28368
20250806,4221,72,1,24345435,3160,5,18:30:55,18:30:55,18:33:27,18:33:27,4,0,0,1,,-122.69220166666666,45.562783333333336,7326.11572
20250806,4221,72,1,24345435,3179,6,18:31:16,18:31:16,18:33:48,18:33:48,4,0,0,1,,-122.68975166666667,45.562733333333334,7985.56456
20250806,4221,72,1,24345435,3162,7,18:31:36,18:31:36,18:34:18,18:34:18,4,0,0,1,,-122.68724,45.56269833333333,8615.48584
20250806,4221,72,1,24345435,3158,8,18:31:58,18:31:58,18:34:43,18:34:43,4,0,0,1,,-122.68455166666666,45.562666666666665,9294.61972
20250806,4221,72,1,24345435,3169,9,18:32:53,18:32:53,18:35:28,18:36:39,0,5,2,4,1,-122.68171166666667,45.56261666666666,10150.918959999999
20250806,4221,72,1,24345435,3173,10,18:34:08,18:34:08,18:37:21,18:37:21,4,0,0,4,,-122.676865,45.56266333333333,11312.33632
20250806,4221,72,1,24345435,3153,11,18:34:41,18:34:41,18:37:39,18:38:08,0,3,0,7,,-122.67516666666667,45.56266333333333,11830.70904
20250806,4221,72,1,24345435,3171,12,18:35:14,18:35:14,18:38:26,18:38:44,0,1,1,7,,-122.673185,45.56267,12339.23924
20250806,4221,72,1,24345435,3156,13,18:35:43,18:35:43,18:38:59,18:39:15,0,1,0,8,,-122.67143333333334,45.562675,12798.55684
20250806,4221,72,1,24345435,3183,14,18:36:23,18:36:23,18:39:37,18:39:55,0,1,0,9,,-122.66897666666667,45.56267166666667,13415.35476
20250806,4221,72,1,24345435,,,,,18:40:18,18:40:40,3,0,0,9,,-122.667125,45.56269,
20250806,4221,72,1,24345435,3165,15,18:37:58,18:37:58,18:41:15,18:41:15,4,0,0,9,,-122.663385,45.56270833333333,14878.6094
20250806,4221,72,1,24345435,5927,16,18:38:35,18:38:35,18:41:37,18:42:04,0,0,2,7,,-122.661465,45.562356666666666,15465.87976
20250806,4221,72,1,24345435,,,,,18:42:45,18:43:19,3,0,0,7,,-122.66150333333333,45.559266666666666,
20250806,4221,72,1,24345435,46,17,18:40:00,18:40:00,18:43:33,18:43:50,0,1,1,7,,-122.66114666666667,45.55905,16778.21576
20250806,4221,72,1,24345435,11478,18,18:40:36,18:40:36,18:44:08,18:44:08,4,0,0,7,,-122.65837333333333,45.559085,17375.32864
20250806,4221,72,1,24345435,69,19,18:41:08,18:41:08,18:44:25,18:44:25,4,0,0,7,,-122.65645333333333,45.559083333333334,17903.54388
20250806,4221,72,1,24345435,48,20,18:41:38,18:41:38,18:44:41,18:44:41,4,0,0,7,,-122.65458833333334,45.55907833333333,18398.95072
20250806,4221,72,1,24345435,50,21,18:42:09,18:42:09,18:44:56,18:45:12,0,0,1,6,,-122.65282333333333,45.559061666666665,18910.76176
20250806,4221,72,1,24345435,52,22,18:42:54,18:42:54,18:45:36,18:46:32,0,0,1,5,,-122.6499,45.55904666666667,19645.66992
20250806,4221,72,1,24345435,54,23,18:43:40,18:43:40,18:46:59,18:46:59,4,0,0,5,,-122.64658333333334,45.55905833333333,20410.10564
20250806,4221,72,1,24345435,11471,24,18:44:25,18:44:25,18:47:21,18:47:21,4,0,0,5,,-122.64369833333333,45.55905,21158.13716
20250806,4221,72,1,24345435,60,25,18:45:11,18:45:11,18:47:47,18:47:47,4,0,0,5,,-122.640885,45.55903166666667,21912.73036
20250806,4221,72,1,24345435,63,26,18:45:58,18:45:58,18:48:14,18:48:14,4,0,0,5,,-122.637985,45.559025,22693.57028
20250806,4221,72,1,24345435,11722,27,18:46:45,18:46:45,18:48:46,18:48:46,4,0,0,5,,-122.63481,45.559306666666664,23471.12936
20250806,4221,72,1,24345435,7327,28,18:47:39,18:47:39,18:49:23,18:49:23,4,0,0,5,,-122.634865,45.56160833333333,24360.237
20250806,4221,72,1,24345435,7329,29,18:48:06,18:48:06,18:49:49,18:49:49,4,0,0,5,,-122.63457833333334,45.56274,24799.86956
20250806,4221,72,1,24345435,,,,,18:50:24,18:50:35,3,0,0,5,,-122.63117166666666,45.562706666666664,
20250806,4221,72,1,24345435,3191,30,18:49:19,18:49:19,18:50:56,18:50:56,4,0,0,5,,-122.63012166666667,45.562706666666664,26007.218679999998
20250806,4221,72,1,24345435,3193,31,18:49:43,18:49:43,18:51:06,18:51:06,4,0,0,5,,-122.62878833333333,45.56272,26404.20032
20250806,4221,72,1,24345435,3195,32,18:50:08,18:50:08,18:51:20,18:51:34,0,0,1,4,,-122.62671833333333,45.562711666666665,26929.13472
20250806,4221,72,1,24345435,3198,33,18:50:48,18:50:48,18:51:56,18:51:56,4,0,0,4,,-122.62361666666666,45.562755,27742.78304
20250806,4221,72,1,24345435,,,,,18:52:18,18:52:49,3,0,0,4,,-122.62081833333333,45.562763333333336,
20250806,4221,72,1,24345435,3199,34,18:51:33,18:51:33,18:53:08,18:53:08,4,0,0,4,,-122.619405,45.56276,28667.97992
20250806,4221,72,1,24345435,3144,35,18:52:24,18:52:24,18:53:28,18:53:28,4,0,0,4,,-122.61588333333333,45.56274833333333,29711.28704
20250806,4221,72,1,24345435,3204,36,18:53:47,18:53:47,18:54:09,18:54:23,0,0,1,3,,-122.60935,45.56267,31417.32384
20250806,4221,72,1,24345435,14181,37,18:54:50,18:54:50,18:54:59,18:55:40,0,0,2,1,1,-122.60418333333334,45.56267666666667,32719.81732
20250806,4221,72,1,24345435,3146,38,18:55:30,18:55:30,18:56:05,18:56:55,0,1,0,2,,-122.60102166666667,45.562686666666664,33533.46564
20250806,4221,72,1,24345435,3148,39,18:56:16,18:56:16,18:57:20,18:57:20,4,0,0,2,,-122.59741833333334,45.5627,34494.75176
20250806,4221,72,1,24345435,10600,40,18:57:00,18:57:00,18:57:43,18:57:43,4,0,0,2,,-122.59339333333334,45.562666666666665,35390.42108
20250806,4221,72,1,24345435,3211,41,18:58:12,18:58:12,18:58:37,18:58:50,0,1,0,3,,-122.58821666666667,45.56256,36856.95656
20250806,4221,72,1,24345435,3186,42,18:59:19,18:59:19,18:59:19,18:59:19,4,0,0,3,,-122.582945,45.56258833333333,38202.100959999996
20250806,4221,72,1,24345435,3185,43,19:00:02,19:00:02,18:59:41,19:04:03,0,3,1,5,,-122.579615,45.562556666666666,39064.96188
20250806,4221,72,1,24345435,8889,44,19:01:01,19:01:01,19:04:41,19:04:41,4,0,0,5,,-122.57863,45.559848333333335,40269.03016
20250806,4221,72,1,24345435,8064,45,19:01:29,19:01:29,19:04:56,19:04:56,4,0,0,5,,-122.578665,45.55825333333333,40839.89632
20250806,4221,72,1,24345435,8025,46,19:02:30,19:02:30,19:05:22,19:05:22,4,0,0,5,,-122.57871666666666,45.55485,42066.93048
20250806,4221,72,1,24345435,8038,47,19:03:10,19:03:10,19:05:47,19:07:27,0,2,3,4,,-122.57877,45.55266666666667,42880.5788
20250806,4221,72,1,24345435,7934,48,19:04:04,19:04:04,19:08:04,19:08:04,4,0,0,4,,-122.57881,45.549906666666665,43963.256
20250806,4221,72,1,24345435,7966,49,19:04:28,19:04:28,19:08:21,19:09:10,0,0,1,3,,-122.57885166666667,45.548431666666666,44455.382
20250806,4221,72,1,24345435,7992,50,19:05:04,19:05:04,19:09:37,19:09:37,4,0,0,3,,-122.57889166666666,45.546366666666664,45170.60512
20250806,4221,72,1,24345435,,,,,19:10:02,19:10:23,3,0,0,3,,-122.57893166666666,45.54465,
20250806,4221,72,1,24345435,8045,51,19:05:35,19:05:35,19:10:29,19:10:29,4,0,0,3,,-122.57893166666666,45.544628333333335,45803.80724
20250806,4221,72,1,24345435,8002,52,19:06:18,19:06:18,19:10:53,19:10:53,4,0,0,3,,-122.57897166666666,45.54229333333333,46679.79152
20250806,4221,72,1,24345435,8035,53,19:07:20,19:07:20,19:11:29,19:11:29,4,0,0,3,,-122.57904333333333,45.53872333333333,47939.634079999996
20250806,4221,72,1,24345435,8056,54,19:07:46,19:07:46,19:11:49,19:11:49,4,0,0,3,,-122.57907,45.53726,48464.56848
20250806,4221,72,1,24345435,8043,55,19:08:14,19:08:14,19:12:04,19:12:04,4,0,0,3,,-122.57909666666667,45.535848333333334,49019.03044
20250806,4221,72,1,24345435,8000,56,19:09:00,19:11:00,19:12:39,19:12:39,4,0,0,3,,-122.57913666666667,45.53322,49954.06984
20250806,4221,72,1,24345435,7978,57,19:11:42,19:11:42,19:13:02,19:13:02,4,0,0,3,,-122.57914333333333,45.530695,50803.8074
20250806,4221,72,1,24345435,7932,58,19:12:17,19:12:17,19:13:21,19:13:21,4,0,0,3,,-122.57915166666666,45.529086666666664,51519.03052
20250806,4221,72,1,24345435,7973,59,19:13:01,19:13:01,19:13:47,19:13:47,4,0,0,3,,-122.57915333333334,45.52623833333333,52424.54236
20250806,4221,72,1,24345435,,,,,19:14:10,19:14:22,3,0,0,3,,-122.57916166666666,45.5247,
20250806,4221,72,1,24345435,7956,60,19:13:34,19:13:34,19:14:31,19:14:31,4,0,0,3,,-122.57916,45.524285,53090.55288
20250806,4221,72,1,24345435,,,,,19:14:53,19:15:09,3,0,0,3,,-122.57916333333333,45.52291666666667,
20250806,4221,72,1,24345435,7937,61,19:14:06,19:14:06,19:15:18,19:15:18,4,0,0,3,,-122.57916333333333,45.52264,53750.00172
20250806,4221,72,1,24345435,7931,62,19:14:43,19:14:43,19:15:39,19:15:39,4,0,0,3,,-122.57916666666667,45.52070833333333,54494.7524
20250806,4221,72,1,24345435,8048,63,19:15:11,19:15:11,19:15:58,19:16:13,0,1,0,4,,-122.57918,45.5193,55072.18024
20250806,4221,72,1,24345435,7929,64,19:15:38,19:15:38,19:16:28,19:16:28,4,0,0,4,,-122.579085,45.51761166666667,55620.08052
20250806,4221,72,1,24345435,8066,65,19:16:11,19:16:11,19:16:47,19:17:07,0,2,0,6,,-122.579,45.51596,56295.93356
20250806,4221,72,1,24345435,8004,66,19:16:52,19:16:52,19:17:29,19:17:29,4,0,0,6,,-122.57886833333333,45.51363166666667,57122.70524
20250806,4221,72,1,24345435,7980,67,19:17:13,19:17:13,19:17:40,19:17:40,4,0,0,6,,-122.578805,45.512501666666665,57568.89948
20250806,4221,72,1,24345435,8008,68,19:18:01,19:18:01,19:18:02,19:18:02,4,0,0,6,,-122.578775,45.5097,58533.46644
20250806,4221,72,1,24345435,,,,,19:18:23,19:18:42,2,0,0,6,,-122.57877833333333,45.50792166666667,
20250806,4221,72,1,24345435,7923,69,19:18:48,19:18:48,19:18:58,19:18:58,4,0,2,4,,-122.57872833333333,45.507105,59494.75256
20250806,4221,72,1,24345435,,,,,19:19:20,19:19:46,3,0,0,4,,-122.57872833333333,45.505658333333336,
20250806,4221,72,1,24345435,7958,70,19:19:25,19:19:25,19:20:03,19:20:03,4,0,0,4,,-122.57873,45.50496,60259.18828
20250806,4221,72,1,24345435,7948,71,19:20:00,19:20:00,19:20:25,19:21:04,0,1,2,3,,-122.57880166666666,45.502645,60961.28804
20250806,4221,72,1,24345435,8062,72,19:21:19,19:21:19,19:21:30,19:21:30,4,0,0,3,,-122.57880166666666,45.50089666666667,61686.35368
20250806,4221,72,1,24345435,8053,73,19:21:58,19:21:58,19:21:40,19:21:40,4,0,0,3,,-122.57876333333333,45.49981833333333,62047.24608
20250806,4221,72,1,24345435,,,,,19:22:02,19:22:54,2,0,0,3,,-122.578835,45.497708333333335,
20250806,4221,72,1,24345435,8024,74,19:24:00,19:24:00,19:23:12,19:23:24,0,1,1,3,,-122.57887666666667,45.49711666666666,63166.01252
20250806,4221,72,1,24345435,13707,75,19:25:05,19:25:05,19:23:59,19:23:59,4,0,0,3,,-122.57888166666666,45.49364333333333,64475.06768
20250806,4221,72,1,24345435,8237,76,19:25:29,19:25:29,19:24:14,19:24:45,0,1,0,4,,-122.57890166666667,45.49218166666667,64973.75536
20250806,4221,72,1,24345435,7986,77,19:26:00,19:26:00,19:25:06,19:26:12,0,0,0,4,,-122.57897,45.490595,65593.83412
20250806,4221,72,1,24345435,8041,78,19:26:53,19:26:53,19:26:51,19:26:51,4,0,0,4,,-122.57896,45.48780166666667,66466.53756
20250806,4221,72,1,24345435,8030,79,19:27:24,19:27:24,19:27:06,19:27:06,4,0,0,4,,-122.57898666666667,45.48638666666667,66978.3486
20250806,4221,72,1,24345435,8009,80,19:28:03,19:28:03,19:27:23,19:27:23,4,0,0,4,,-122.57902,45.484775,67621.39324
20250806,4221,72,1,24345435,,,,,19:27:47,19:28:12,3,0,0,4,,-122.57904666666667,45.48327333333334,
20250806,4221,72,1,24345435,7965,81,19:28:32,19:28:32,19:28:16,19:28:16,4,0,0,4,,-122.57904666666667,45.483266666666665,68093.8342
20250806,4221,72,1,24345435,8028,82,19:29:29,19:29:29,19:28:50,19:28:50,4,0,0,4,,-122.57908833333333,45.480715000000004,69028.8736
20250806,4221,72,1,24345435,,,,,19:29:07,19:29:44,3,0,0,4,,-122.57911333333334,45.47966666666667,
20250806,4221,72,1,24345435,8060,83,19:30:01,19:30:01,19:29:54,19:29:54,4,0,0,4,,-122.57912166666667,45.479191666666665,69550.52716
20250806,4221,72,1,24345435,8058,84,19:30:41,19:30:41,19:30:10,19:30:10,4,0,0,4,,-122.579145,45.47756833333333,70203.41432
20250806,4221,72,1,24345435,7961,85,19:31:30,19:31:30,19:30:44,19:31:03,0,0,1,3,,-122.57924666666666,45.475658333333335,71010.50096
20250806,4221,72,1,24345435,7950,86,19:32:12,19:32:12,19:31:22,19:31:22,4,0,0,3,,-122.57918333333333,45.473636666666664,71702.7582
20250806,4221,72,1,24345435,8013,87,19:33:17,19:33:17,19:31:49,19:31:49,4,0,0,3,,-122.57916,45.47024666666667,72772.31204
20250806,4221,72,1,24345435,7963,88,19:34:00,19:34:00,19:32:06,19:36:17,0,1,1,3,,-122.57916166666666,45.46927,73474.4118
20250806,4221,72,1,24345435,7994,89,19:34:34,19:34:34,19:36:36,19:36:36,4,0,0,3,,-122.57915166666666,45.46745833333333,74146.984
20250806,4221,72,1,24345435,7954,90,19:35:27,19:35:27,19:36:59,19:36:59,4,0,0,3,,-122.57915,45.464263333333335,75183.72944
20250806,4221,72,1,24345435,7945,91,19:36:14,19:36:14,19:37:17,19:37:17,4,0,0,3,,-122.57914833333334,45.462091666666666,76112.20716
20250806,4221,72,1,24345435,7996,92,19:37:12,19:37:12,19:37:47,19:37:58,0,0,1,2,,-122.57920333333334,45.45851,77263.782
20250806,4221,72,1,24345435,7988,93,19:37:51,19:37:51,19:38:32,19:38:32,4,0,0,2,,-122.579235,45.456678333333336,78028.21772
20250806,4221,72,1,24345435,8018,94,19:38:28,19:38:28,19:38:56,19:39:07,0,2,0,4,,-122.57930166666667,45.45442666666667,78763.12587999999
20250806,4221,72,1,24345435,8016,95,19:39:33,19:39:33,19:39:37,19:39:37,4,0,0,4,,-122.579195,45.451208333333334,80029.53012
20250806,4221,72,1,24345435,,,,,19:40:12,19:40:51,3,0,0,4,,-122.57905,45.44716666666667,
20250806,4221,72,1,24345435,7990,96,19:40:53,19:40:53,19:41:06,19:41:20,0,0,2,2,,-122.57907833333333,45.446555,81610.895
20250806,4221,72,1,24345435,7921,97,19:41:36,19:41:36,19:41:40,19:41:40,4,0,0,2,,-122.579045,45.444293333333334,82473.75592
20250806,4221,72,1,24345435,7942,98,19:42:26,19:42:26,19:42:04,19:42:21,0,0,2,0,,-122.57906333333334,45.441536666666664,83444.88456
20250806,4221,72,1,24345435,,,,,19:42:54,19:43:03,3,0,0,0,,-122.57902,45.438426666666665,
20250806,4221,72,1,24345435,12921,99,19:45:00,19:45:00,19:44:45,19:44:45,4,0,0,0,,-122.57278166666667,45.437345,86486.22324
20250806,4221,72,1,24345435,13247,100,19:47:47,19:47:47,19:46:33,20:16:29,0,3,1,2,,-122.568385,45.43621,88353.0212
20250806,4221,72,1,24345435,13248,101,19:49:00,19:49:00,20:16:55,20:16:55,0,0,0,2,,-122.568582,45.43584,89166.66952
20250806,4221,72,0,24345436,13248,0,20:15:00,20:15:00,20:17:34,20:17:34,0,1,0,3,,-122.56856833333333,45.43574,0.0
20250806,4221,72,0,24345436,,,,,20:19:12,20:19:38,3,0,0,3,,-122.57275666666666,45.437376666666665,
20250806,4221,72,0,24345436,12922,1,20:18:00,20:18:00,20:20:02,20:20:29,0,2,0,5,,-122.57377833333334,45.43742666666667,1984.9082
20250806,4221,72,0,24345436,,,,,20:21:55,20:22:06,3,0,0,5,,-122.57858166666666,45.43832833333333,
20250806,4221,72,0,24345436,,,,,20:22:57,20:23:42,3,0,0,5,,-122.578805,45.44108166666667,
20250806,4221,72,0,24345436,7941,2,20:20:30,20:20:30,20:23:58,20:23:58,4,0,0,5,,-122.57879833333334,45.442185,4662.07364
20250806,4221,72,0,24345436,7920,3,20:21:23,20:21:23,20:24:19,20:24:37,0,1,0,6,,-122.57878833333334,45.44358666666667,5610.2364
20250806,4221,72,0,24345436,7918,4,20:22:39,20:22:39,20:25:19,20:25:19,4,0,0,6,,-122.57883166666667,45.44753333333333,6978.34668
20250806,4221,72,0,24345436,14028,5,20:23:40,20:23:40,20:25:54,20:27:29,0,7,0,13,,-122.57893333333334,45.450313333333334,8057.74304
20250806,4221,72,0,24345436,8017,6,20:25:07,20:25:07,20:28:43,20:29:04,0,1,0,14,,-122.57901166666667,45.454573333333336,9616.14204
20250806,4221,72,0,24345436,7995,7,20:26:31,20:26:31,20:29:52,20:30:16,0,2,0,16,,-122.57900833333333,45.45874166666667,11128.60928
20250806,4221,72,0,24345436,7946,8,20:27:23,20:27:23,20:30:45,20:30:45,4,0,0,16,,-122.57898166666666,45.461505,12053.80616
20250806,4221,72,0,24345436,7953,9,20:28:34,20:28:34,20:31:22,20:31:40,0,0,1,15,,-122.57897833333334,45.464733333333335,13313.64872
20250806,4221,72,0,24345436,7993,10,20:29:20,20:29:20,20:32:06,20:32:22,0,1,0,16,,-122.57897666666666,45.467101666666665,14143.70124
20250806,4221,72,0,24345436,7962,11,20:30:00,20:30:00,20:32:44,20:33:20,0,0,2,14,,-122.57898,45.46894833333333,14852.36268
20250806,4221,72,0,24345436,,,,,20:33:39,20:33:48,3,0,0,14,,-122.57898833333333,45.470398333333335,
20250806,4221,72,0,24345436,7982,12,20:30:49,20:30:49,20:34:04,20:34:04,4,0,0,14,,-122.57899333333333,45.471311666666665,15666.011
20250806,4221,72,0,24345436,7970,13,20:31:48,20:31:48,20:34:32,20:34:32,4,0,0,14,,-122.57900166666667,45.47378166666667,16643.70132
20250806,4221,72,0,24345436,7960,14,20:32:29,20:32:29,20:34:56,20:35:11,0,2,0,16,,-122.57900333333333,45.47575666666667,17316.27352
20250806,4221,72,0,24345436,8057,15,20:33:08,20:33:08,20:35:32,20:35:32,4,0,0,16,,-122.57897666666666,45.47737166666667,17975.72236
20250806,4221,72,0,24345436,8059,16,20:33:47,20:33:47,20:35:51,20:35:51,4,0,0,16,,-122.57894333333333,45.47927833333333,18612.20532
20250806,4221,72,0,24345436,8027,17,20:34:25,20:34:25,20:36:10,20:36:10,4,0,0,16,,-122.57891166666667,45.48117333333333,19242.1266
20250806,4221,72,0,24345436,,,,,20:36:28,20:36:37,3,0,0,16,,-122.57888,45.48220666666667,
20250806,4221,72,0,24345436,7964,18,20:35:15,20:35:15,20:37:03,20:37:38,0,2,2,16,,-122.57886333333333,45.48325833333333,20075.45996
20250806,4221,72,0,24345436,8029,19,20:36:09,20:36:09,20:38:10,20:38:10,4,0,0,16,,-122.57882166666667,45.48599333333333,20967.84844
20250806,4221,72,0,24345436,8040,20,20:37:03,20:37:03,20:38:37,20:38:37,4,0,0,16,,-122.57876,45.48839,21873.36028
20250806,4221,72,0,24345436,,,,,20:38:59,20:39:24,2,0,0,16,,-122.57872333333333,45.49012666666667,
20250806,4221,72,0,24345436,7984,21,20:38:00,20:38:00,20:39:43,20:40:01,0,1,1,16,,-122.5787,45.490775,22811.680519999998
20250806,4221,72,0,24345436,7935,22,20:38:42,20:38:42,20:40:20,20:40:20,4,0,0,16,,-122.578695,45.49278666666667,23408.7934
20250806,4221,72,0,24345436,7943,23,20:39:21,20:39:21,20:40:37,20:40:37,4,0,0,16,,-122.57868666666667,45.494195,23976.37872
20250806,4221,72,0,24345436,8031,24,20:39:56,20:39:56,20:40:54,20:41:10,0,0,1,15,,-122.57866166666666,45.495356666666666,24475.0664
20250806,4221,72,0,24345436,,,,,20:41:28,20:41:49,3,0,0,15,,-122.57864666666667,45.49672833333333,
20250806,4221,72,0,24345436,8023,25,20:41:00,20:41:00,20:42:16,20:42:34,0,1,0,16,,-122.57860333333333,45.49780666666667,25383.85908
20250806,4221,72,0,24345436,8052,26,20:41:24,20:41:24,20:43:00,20:43:00,4,0,0,16,,-122.57864166666667,45.50022166666667,26161.41816
20250806,4221,72,0,24345436,,,,,20:43:20,20:43:44,3,0,0,16,,-122.57863,45.501315,
20250806,4221,72,0,24345436,8061,27,20:41:39,20:41:39,20:43:54,20:43:54,4,0,0,16,,-122.57862833333333,45.501758333333335,26656.825
20250806,4221,72,0,24345436,7947,28,20:42:00,20:42:00,20:44:09,20:44:09,4,0,0,16,,-122.57861666666666,45.503161666666664,27326.11636
20250806,4221,72,0,24345436,7957,29,20:42:43,20:42:43,20:44:36,20:45:37,0,6,0,22,,-122.578595,45.50524166666667,28047.90116
20250806,4221,72,0,24345436,12755,30,20:43:48,20:43:48,20:46:16,20:46:16,4,0,0,22,,-122.57859666666667,45.50826,29156.82508
20250806,4221,72,0,24345436,8007,31,20:44:37,20:44:37,20:46:41,20:46:41,4,0,0,22,,-122.5786,45.51063333333333,29986.8776
20250806,4221,72,0,24345436,7979,32,20:45:08,20:45:08,20:46:54,20:46:54,4,0,0,22,,-122.57860833333334,45.51218333333333,30518.37368
20250806,4221,72,0,24345436,8037,33,20:45:54,20:45:54,20:47:15,20:47:15,4,0,0,22,,-122.57872166666667,45.51425166666667,31295.93276
20250806,4221,72,0,24345436,,,,,20:47:39,20:47:54,3,0,0,22,,-122.57881166666667,45.51606666666667,
20250806,4221,72,0,24345436,8065,34,20:46:37,20:46:37,20:48:03,20:48:03,4,0,0,22,,-122.57883833333334,45.51647833333333,32017.71756
20250806,4221,72,0,24345436,7928,35,20:47:26,20:47:26,20:48:28,20:48:46,0,2,0,24,,-122.57893,45.51828833333333,32844.48924
20250806,4221,72,0,24345436,8047,36,20:47:52,20:47:52,20:49:01,20:49:01,4,0,0,24,,-122.57898666666667,45.519535,33287.40264
20250806,4221,72,0,24345436,7930,37,20:48:24,20:48:24,20:49:19,20:49:19,4,0,0,24,,-122.57898333333333,45.521388333333334,33835.30292
20250806,4221,72,0,24345436,7936,38,20:49:01,20:49:01,20:49:44,20:50:14,0,0,8,16,,-122.57897666666666,45.52266,34452.10084
20250806,4221,72,0,24345436,7955,39,20:49:40,20:49:40,20:50:35,20:50:35,4,0,0,16,,-122.57897833333334,45.524746666666665,35114.83052
20250806,4221,72,0,24345436,7972,40,20:50:27,20:50:27,20:51:09,20:51:24,0,0,1,15,,-122.578965,45.52668333333333,35912.07464
20250806,4221,72,0,24345436,8014,41,20:51:02,20:51:02,20:51:44,20:51:44,4,0,0,15,,-122.578965,45.52860166666667,36509.18752
20250806,4221,72,0,24345436,7987,42,20:51:35,20:51:35,20:52:05,20:52:05,4,0,0,15,,-122.57896,45.53022333333333,37066.93032
20250806,4221,72,0,24345436,8010,43,20:52:13,20:52:13,20:52:28,20:53:26,0,2,1,16,,-122.57895,45.53159333333333,37709.97496
20250806,4221,72,0,24345436,7999,44,20:53:00,20:55:00,20:53:54,20:55:01,0,3,5,14,,-122.57893333333334,45.53377,38510.49992
20250806,4221,72,0,24345436,8042,45,20:55:39,20:55:39,20:55:22,20:55:22,4,0,0,14,,-122.57891333333333,45.53565833333333,39304.4632
20250806,4221,72,0,24345436,8055,46,20:56:00,20:56:00,20:55:37,20:55:47,0,0,1,13,,-122.57888333333334,45.53708833333334,39724.41072
20250806,4221,72,0,24345436,8036,47,20:56:40,20:56:40,20:56:19,20:56:19,4,0,0,13,,-122.57889166666666,45.53937,40534.7782
20250806,4221,72,0,24345436,8001,48,20:57:44,20:57:44,20:57:00,20:57:13,0,0,1,12,,-122.57877333333333,45.54286,41820.86748
20250806,4221,72,0,24345436,,,,,20:57:38,20:57:55,3,0,0,12,,-122.578745,45.544315,
20250806,4221,72,0,24345436,8046,49,20:58:23,20:58:23,20:58:11,20:58:11,4,0,0,12,,-122.57873833333333,45.544905,42598.42656
20250806,4221,72,0,24345436,7991,50,20:58:46,20:58:46,20:58:29,20:58:29,4,0,0,12,,-122.57871333333334,45.54642333333334,43061.025
20250806,4221,72,0,24345436,7967,51,20:59:16,20:59:16,20:58:52,20:59:21,0,0,1,11,,-122.57867666666667,45.54787666666667,43658.13788
20250806,4221,72,0,24345436,7933,52,20:59:44,20:59:44,20:59:41,20:59:41,4,0,0,11,,-122.57866,45.54936166666667,44238.84656
20250806,4221,72,0,24345436,,,,,21:00:15,21:01:04,3,0,0,11,,-122.57860833333334,45.552308333333336,
20250806,4221,72,0,24345436,8039,53,21:00:50,21:00:50,21:01:21,21:01:21,4,0,0,11,,-122.57858666666667,45.55313833333334,45564.30592
20250806,4221,72,0,24345436,8026,54,21:01:31,21:01:31,21:01:39,21:01:39,4,0,0,11,,-122.57853833333333,45.555535,46377.95424
20250806,4221,72,0,24345436,8063,55,21:02:16,21:02:16,21:01:59,21:01:59,4,0,0,11,,-122.578495,45.55806833333333,47290.02776
20250806,4221,72,0,24345436,7927,56,21:02:40,21:02:40,21:02:12,21:02:12,4,0,0,11,,-122.578475,45.559176666666666,47769.0304
20250806,4221,72,0,24345436,3216,57,21:03:50,21:03:50,21:02:56,21:02:56,4,0,0,11,,-122.57910166666667,45.56279833333333,49192.91496
20250806,4221,72,0,24345436,3215,58,21:05:15,21:05:15,21:03:32,21:03:32,4,0,0,11,,-122.58673166666667,45.562735,50892.39008
20250806,4221,72,0,24345436,3212,59,21:05:47,21:05:47,21:03:48,21:03:48,4,0,0,11,,-122.588945,45.56273,51555.11976
20250806,4221,72,0,24345436,10601,60,21:07:00,21:07:00,21:04:31,21:07:10,0,1,1,11,,-122.59390333333333,45.562778333333334,53015.09356
20250806,4221,72,0,24345436,3147,61,21:07:22,21:07:22,21:07:30,21:07:42,0,0,1,10,,-122.59701833333334,45.562805,53832.02272
20250806,4221,72,0,24345436,3210,62,21:07:47,21:07:47,21:08:10,21:08:48,0,0,1,9,,-122.600665,45.5628,54757.2196
20250806,4221,72,0,24345436,3209,63,21:08:15,21:08:15,21:09:13,21:09:13,4,0,0,9,,-122.60475833333334,45.562778333333334,55787.40336
20250806,4221,72,0,24345436,3205,64,21:08:48,21:08:48,21:09:42,21:09:42,4,0,0,9,,-122.60999,45.562780000000004,57007.87584
20250806,4221,72,0,24345436,3201,65,21:09:29,21:09:29,21:10:21,21:10:35,0,0,1,8,,-122.61539,45.562846666666665,58543.30896
20250806,4221,72,0,24345436,3200,66,21:10:02,21:10:02,21:11:14,21:11:34,0,1,0,9,,-122.62015,45.56287666666667,59763.78144
20250806,4221,72,0,24345436,3197,67,21:10:24,21:10:24,21:11:59,21:11:59,4,0,0,9,,-122.62356666666666,45.56279,60567.58724
20250806,4221,72,0,24345436,3196,68,21:10:46,21:10:46,21:12:28,21:12:28,4,0,0,9,,-122.62717,45.562756666666665,61374.67388
20250806,4221,72,0,24345436,3194,69,21:11:00,21:11:00,21:12:50,21:12:50,4,0,0,9,,-122.62891166666667,45.56274,61889.76576
20250806,4221,72,0,24345436,3192,70,21:11:36,21:11:36,21:13:32,21:14:26,0,3,1,11,1,-122.631115,45.56274666666667,62562.33796
20250806,4221,72,0,24345436,3189,71,21:12:13,21:12:13,21:14:48,21:14:48,4,0,0,11,,-122.634305,45.562715,63234.91016
20250806,4221,72,0,24345436,7328,72,21:12:52,21:12:52,21:15:17,21:15:17,4,0,0,11,,-122.63493666666666,45.56146833333333,63950.13328
20250806,4221,72,0,24345436,14654,73,21:13:47,21:13:47,21:16:03,21:16:03,4,0,0,11,,-122.63554666666667,45.55902,64967.19368
20250806,4221,72,0,24345436,64,74,21:14:22,21:14:22,21:16:29,21:16:42,0,2,0,13,,-122.63771833333334,45.55905166666667,65623.36168
20250806,4221,72,0,24345436,61,75,21:15:04,21:15:04,21:17:13,21:17:13,4,0,0,13,,-122.64114666666667,45.55907333333333,66397.63992
20250806,4221,72,0,24345436,11472,76,21:15:45,21:15:45,21:17:42,21:17:42,4,0,0,13,,-122.64381666666667,45.55907666666667,67152.23312
20250806,4221,72,0,24345436,55,77,21:16:26,21:16:26,21:18:11,21:18:11,4,0,0,13,,-122.64688666666666,45.559085,67903.54548
20250806,4221,72,0,24345436,53,78,21:17:06,21:17:06,21:18:36,21:19:21,0,1,0,14,,-122.64955833333333,45.55912166666667,68631.89196
20250806,4221,72,0,24345436,51,79,21:17:47,21:17:47,21:19:51,21:20:50,0,0,5,9,1,-122.65253333333334,45.55911,69402.88936
20250806,4221,72,0,24345436,49,80,21:18:14,21:18:14,21:21:12,21:21:12,4,0,0,9,,-122.65499833333334,45.55910333333333,69901.57704
20250806,4221,72,0,24345436,70,81,21:18:42,21:18:42,21:21:33,21:21:47,0,1,0,10,,-122.65640666666667,45.55911833333333,70406.8264
20250806,4221,72,0,24345436,,,,,21:22:08,21:22:18,3,0,0,10,,-122.65837333333333,45.55912333333333,
20250806,4221,72,0,24345436,10184,82,21:19:09,21:19:09,21:22:26,21:22:26,4,0,0,10,,-122.65847,45.559128333333334,70902.23324
20250806,4221,72,0,24345436,5890,83,21:20:00,21:20:00,21:23:04,21:23:27,0,1,1,10,,-122.661475,45.559525,71850.396
20250806,4221,72,0,24345436,,,,,21:23:59,21:24:53,3,0,0,10,,-122.66144833333334,45.562605,
20250806,4221,72,0,24345436,10957,84,21:21:32,21:21:32,21:25:12,21:25:22,0,0,1,9,,-122.66241666666667,45.562801666666665,73300.52728
20250806,4221,72,0,24345436,,,,,21:25:59,21:26:22,3,0,0,9,,-122.66654666666666,45.56274,
20250806,4221,72,0,24345436,3184,85,21:23:08,21:23:08,21:26:46,21:27:41,0,0,5,4,,-122.66831833333333,45.56276166666667,74806.43284
20250806,4221,72,0,24345436,3157,86,21:24:01,21:24:01,21:28:09,21:28:09,4,0,0,4,,-122.67167666666667,45.562715,75626.64284
20250806,4221,72,0,24345436,3154,87,21:24:53,21:24:53,21:28:37,21:29:04,0,1,0,5,,-122.674795,45.562706666666664,76456.69536
20250806,4221,72,0,24345436,3174,88,21:25:26,21:25:26,21:29:24,21:29:24,4,0,0,5,,-122.67686333333333,45.56268333333333,76968.5064
20250806,4221,72,0,24345436,3170,89,21:26:50,21:26:50,21:30:05,21:30:26,0,0,2,3,,-122.681945,45.56270833333333,78287.40408
20250806,4221,72,0,24345436,3159,90,21:27:26,21:27:26,21:30:50,21:30:50,4,0,0,3,,-122.68475666666667,45.562706666666664,78982.94216
20250806,4221,72,0,24345436,3163,91,21:28:00,21:28:00,21:31:19,21:31:19,4,0,0,3,,-122.687625,45.56271,79658.7952
20250806,4221,72,0,24345436,3180,92,21:28:37,21:28:37,21:31:42,21:31:42,4,0,0,3,,-122.69061666666667,45.562735,80367.45664
20250806,4221,72,0,24345436,3161,93,21:29:07,21:29:07,21:32:02,21:32:21,0,0,2,1,,-122.69251166666666,45.56277333333333,80967.85036
20250806,4221,72,0,24345436,,,,,21:32:47,21:32:55,3,0,0,1,,-122.69545333333333,45.562755,
20250806,4221,72,0,24345436,3167,94,21:30:00,21:30:00,21:33:13,21:33:13,4,0,0,1,,-122.69552166666666,45.561818333333335,81991.47244
20250806,4221,72,0,24345436,2227,95,21:30:44,21:30:44,21:33:31,21:33:31,4,0,0,1,,-122.69454,45.55990666666667,82854.33336
20250806,4221,72,0,24345436,2161,96,21:34:29,21:34:29,21:35:10,21:35:10,4,0,0,1,,-122.69892166666666,45.556248333333336,87257.22064
20250806,4221,72,0,24345436,115,97,21:36:00,21:36:00,21:35:54,21:35:54,0,0,1,0,,-122.703922,45.557082,89038.71676
20250806,4221,72,1,24345437,115,0,21:55:00,21:55:00,21:57:21,21:57:21,0,2,0,2,,-122.70396833333334,45.55689666666667,0.0
20250806,4221,72,1,24345437,9399,1,21:55:42,21:55:42,21:57:57,21:57:57,4,0,0,2,,-122.69843333333333,45.55600166666667,1427.1654
20250806,4221,72,1,24345437,2195,2,21:56:52,21:56:52,21:59:07,21:59:07,4,0,0,2,,-122.69241333333333,45.55572,3789.3702
20250806,4221,72,1,24345437,2226,3,21:57:49,21:57:49,21:59:57,21:59:57,4,0,0,2,,-122.69484833333334,45.56086333333333,5715.22328
20250806,4221,72,1,24345437,9403,4,21:58:19,21:58:19,22:00:30,22:00:30,4,0,0,2,,-122.69427,45.56279333333333,6715.87948
20250806,4221,72,1,24345437,3160,5,21:58:37,21:58:37,22:00:46,22:00:46,4,0,0,2,,-122.69227,45.562781666666666,7309.71152
20250806,4221,72,1,24345437,3179,6,21:58:56,21:58:56,22:01:06,22:01:06,4,0,0,2,,-122.689745,45.56273,7969.16036
20250806,4221,72,1,24345437,3162,7,21:59:15,21:59:15,22:01:34,22:01:34,4,0,0,2,,-122.68752166666667,45.562695,8599.08164
20250806,4221,72,1,24345437,3158,8,21:59:35,21:59:35,22:01:57,22:01:57,4,0,0,2,,-122.68472,45.56266,9278.21552
20250806,4221,72,1,24345437,,,,,22:02:19,22:03:10,2,0,0,2,,-122.68251166666667,45.56263333333333,
20250806,4221,72,1,24345437,3169,9,22:00:26,22:00:26,22:03:26,22:04:37,0,4,0,6,1,-122.68171,45.56261333333333,10134.51476
20250806,4221,72,1,24345437,3173,10,22:01:35,22:01:35,22:05:17,22:05:17,4,0,0,6,,-122.67712666666667,45.56265833333333,11295.93212
20250806,4221,72,1,24345437,3153,11,22:02:06,22:02:06,22:05:36,22:05:48,0,2,0,8,,-122.67514666666666,45.562655,11814.30484
20250806,4221,72,1,24345437,3171,12,22:02:36,22:02:36,22:06:04,22:06:04,4,0,0,8,,-122.673495,45.56267,12322.83504
20250806,4221,72,1,24345437,3156,13,22:03:03,22:03:03,22:06:19,22:06:38,0,2,0,10,,-122.67141,45.56267166666667,12782.15264
20250806,4221,72,1,24345437,3183,14,22:03:40,22:03:40,22:07:02,22:07:54,0,0,5,5,1,-122.66889666666667,45.562666666666665,13398.95056
20250806,4221,72,1,24345437,3165,15,22:05:07,22:05:07,22:08:55,22:08:55,4,0,0,5,,-122.66277333333333,45.562713333333335,14862.2052
20250806,4221,72,1,24345437,5927,16,22:05:42,22:05:42,22:09:16,22:09:29,0,1,0,6,,-122.661435,45.562375,15449.47556
20250806,4221,72,1,24345437,,,,,22:10:03,22:10:59,3,0,0,6,,-122.66150666666667,45.559255,
20250806,4221,72,1,24345437,46,17,22:07:00,22:07:00,22:11:18,22:11:39,0,2,0,8,,-122.661135,45.55905,16761.81156
20250806,4221,72,1,24345437,11478,18,22:07:32,22:07:32,22:12:00,22:12:00,4,0,0,8,,-122.65867166666666,45.559095,17358.92444
20250806,4221,72,1,24345437,69,19,22:08:00,22:08:00,22:12:16,22:12:16,4,0,0,8,,-122.65599,45.55909833333333,17887.13968
20250806,4221,72,1,24345437,48,20,22:08:27,22:08:27,22:12:35,22:12:35,4,0,0,8,,-122.65452666666667,45.55909,18382.54652
20250806,4221,72,1,24345437,50,21,22:08:54,22:08:54,22:12:49,22:13:10,0,0,2,6,,-122.65278833333333,45.55907,18894.35756
20250806,4221,72,1,24345437,,,,,22:13:36,22:13:59,3,0,0,6,,-122.64986333333333,45.55907166666667,
20250806,4221,72,1,24345437,52,22,22:09:33,22:09:33,22:14:12,22:14:12,4,0,0,6,,-122.64942333333333,45.559075,19629.26572
